
{global}
{quote}
<fieldset><legend><b>{quote:name}</b></legend><div>{quote:message}</div>
</fieldset><br />
{/quote}
{info}
<h3>{info:message}</h3>
{/info}
{info:category}
<h3>Menampilkan postingan pada kategori {info:category:name}.</h3>
{/info:category}
{info:search}
<h3>Ditemukan {info:search:results} untuk pencarian {info:search:keyword}</h3>
{/info:search}
{info:tag}
<h3>Tags: {info:tag:name}</h3>
{/info:tag}
{error}
<h3>{error:message}</h3>
{/error}
{success}
<h3>{success:message}</h3>
{/success}
{pagination}
<div id="pagination-links">{pagination:link}</div>
{/pagination}
{/global}


{header}
<!DOCTYPE html PUBLIC "-//WAPFORUM//DTD XHTML Mobile 1.0//EN" "http://www.wapforum.org/DTD/xhtml-mobile10.dtd"><html xmlns="http://www.w3.org/1999/xhtml"> <head> <meta http-equiv="content-type" content="text/html; charset=UTF-8"/> <title>{header:title}</title> <meta name="HandheldFriendly" value="true"/> 
<link rel="stylesheet" href="http://mafut.yu.tl/files/new.css" type="text/css"/> 
<meta name="description" content="{header:description}"/><link rel="alternate" type="application/rss+xml" title="Umpan" href="{site:url}/rss.xml"/> 
<meta name="google-site-verification" content=""/> 
<script type="text/javascript">
var uid ='35508';
var wid ='117508';
</script>
<script type="text/javascript"
src="http://cdn.popcash.net/pop.js"></script>
</head>
<body onload="image_resizer('content');"> <div id="header">
<center>{site:logo}</center>
<h1 class="heading"><a href="{site:url}" name="top">{site:name}</a></h1> <h2 class="description">{site:description}</h2>
<div id="navigation"> <span><a href="{site:url}/home.xhtml">Beranda</a></span><span><a href="{site:url}/follow.xhtml">Follow</a>
</span> <span><a href="#down">Turun</a></span> </div></div> <div id="top-content"> <div id="search-form"> <form method="get" action="{site:url}/"> <input type="text" class="inp-text" name="search"/> <input type="submit" class="inp-btn" value="Search"/> </form> </div> </div>
{/header}
 
 
{if:post}<div id="content">{post:entry}<div class="post"><div class="post-meta"><h2 class="title"><a href="{post:entry:link}">{post:entry:title}</a></h2>by Admin on {post:entry:date}</div></a></div></div>{/post:entry}</div>{/if:post}
 
 
{if:singlepost}
<div id="content">
<div class="post-single"><div class="post-meta"><h1 class="title">{singlepost:title}</h1>by {singlepost:author} on {singlepost:date}<h2 class="categories">Category: {singlepost:category}</h2></div>
<div class="post-content" style="display: block !important; visibility: visible !important;">{singlepost:description}<br/><strong>Tags:</strong> {singlepost:tag}
</div>

<div id="share-buttons"> <a href="http://m.facebook.com/sharer.php?u={singlepost:link}" rel="nofollow">Share to Facebook</a></div>
{singlepost:related}
<div id="recent-posts-list"> <h4>Artikel Terkait</h4><ol>
{singlepost:related:entry}
<li><a href="{singlepost:related:entry:link}">{singlepost:related:entry:title}</a></li>
{/singlepost:related:entry}
</ol></div></div>
{/singlepost:related}
<div id="comments"> <h3><a name="comments" class="no-link">Komentar</a></h3> <h4>Semua komentar untuk &quot;{singlepost:title}&quot;</h4> <h5>Ikuti blog ini melalui feed: <a href="{site:url}/rss.xml">RSS</a> / <a href="{site:url}/atom.xml">Atom</a></h5>
{singlepost:comment}

{singlepost:comment:entry}
<div class="comment"><div class="comment-header"><h5 class="title"><a href="{singlepost:comment:entry:homepage}" rel="nofollow">{singlepost:comment:entry:name}</a></h5> on {singlepost:comment:entry:date}</div><div class="comment-content">{singlepost:comment:entry:message}</div></div>
{/singlepost:comment:entry}
{singlepost:comment:form}
<div id="new-entry"><h3><a name="new-comment-anchor" class="no-link">Komentar Baru</a></h3>
<!-- jangan ubah kode name="iwbformcomment" --></p><center><form id="comment_form" name="iwbformcomment" action="{singlepost:comment:form:action}" method="post">[{singlepost:comment:form:auth}]<br/>Nama:<br /><input class="inp-text" type="text" name="name" value="{singlepost:comment:form:name}" /><br />Email:<br /><input class="inp-text" type="text" name="email" value="{singlepost:comment:form:email}" /><br />Situs:<br /><input class="inp-text" type="text" name="site" value="{singlepost:comment:form:site}" /><br />Komentar:<br /><textarea class="inp-textarea" name="comment" rows="2" cols="19"></textarea><input type="hidden" name="blogID" value="{singlepost:comment:form:blogid}" /><input type="hidden" name="siteID" value="{site:id}" /><input type="hidden" name="back" value="{singlepost:comment:form:back}" /><br /><input class="inp-btn" type="submit" name="addComment" value="Kirim" /></form></div>
{singlepost:comment:form:js}
{/singlepost:comment:form}
{/singlepost:comment}
</div></center></div>
{/if:singlepost}Email:inp-textarea
 
 
{if:guestbook}
<div id="content">
<div id="comments"><h3><a name="guestbook" class="no-link">Tentang Saya</a></h3><div class="comment"><div class="comment-right-content"><div class="comment-header"><h5 class="title"><br><center>{site:logo}</center><br><br>Nama : Admin<br>Situs : <a href="{site:url}">{site:name}</a><br>Category : Blog Free<br>Tentang Blog : {site:description}</h5></div><div></div><br><h3><a name="guestbook" class="no-link">Buku Tamu</a></h3>
{guestbook:entry}
<div class="comment"><div class="comment-right-content"><div class="comment-header"><h5 class="title"><a href="{guestbook:entry:homepage}" rel="nofollow">{guestbook:entry:name}</a></h5> on {guestbook:entry:date}<br>{guestbook:entry:message}</div></div></div>
{/guestbook:entry}
{guestbook:form}
<h3><a name="new-guestbook-anchor" class="no-link">Buat Pesan</a></h3>
<!-- jangan ubah kode name="iwbformguestbook" --></p><form id="comment_form" name="iwbformguestbook" action="{guestbook:form:action}" method="post">[{guestbook:form:auth}]<br/>Nama:<br /><input class="inp-text" type="text" name="name" value="{guestbook:form:name}" /><br />Email:<br /><input class="inp-text" type="text" name="email" value="{guestbook:form:email}" /><br />Situs:<br /><input class="inp-text" type="text" name="site" value="{guestbook:form:site}" /><br />Pesan:<br /><textarea class="inp-textarea" name="message" rows="2" cols="19"></textarea><input type="hidden" name="siteID" value="{site:id}" /><input type="hidden" name="back" value="{guestbook:form:back}" /><br /><input class="inp-btn" type="submit" name="send" value="Kirim" /></form>
{guestbook:form:js}
</div> </div></div>
{/guestbook:form}
{/if:guestbook}
 
 
{if:feedback}
<div id="content">
{feedback:form}
<div id="comments"><h3><a name="new-guestbook-anchor" class="no-link">Feedback</a></h3>
<!-- jangan ubah kode name="iwbformfeedback" --></p><form id="comment_form" name="iwbformfeedback" action="{feedback:form:action}" method="post">[{feedback:form:auth}]<br/>Nama:<br /><input class="inp-text" type="text" name="name" value="{feedback:form:name}" /><br />Email:<br /><input class="inp-text" type="text" name="email" value="{feedback:form:email}" /><br />Situs:<br /><input class="inp-text" type="text" name="site" value="{feedback:form:site}" /><br />Pesan:<br /><textarea class="inp-textarea" name="message" rows="2" cols="19"></textarea><input type="hidden" name="siteID" value="{site:id}" /><input type="hidden" name="back" value="{feedback:form:back}" /><br /><input class="inp-btn" type="submit" name="send" value="Kirim" /></form>
{feedback:form:js}
</div>
{/feedback:form}
</div>
{/if:feedback}

{footer}
<div id="bottom-content">
<div id="navigation-menu"><h3><a name="navigation-menu" class="no-link">Navigasi</a></h3><ul><li><a href="{site:url}">Home</a></li><li><a href="{site:url}/guestbook.xhtml">Tentang Saya</a></li><li>Ikuti blog ini melalui <a href="{site:url}/follow.xhtml">Blog</a> / <a href="{site:url}/rss.xml">RSS</a> </li><li>Dapatkan blog ponsel seperti ini? <a href="http://blogown.xyz/registration.php">Daftar Sekarang</a></li>

<h3>Ikuti</h3>

	
	<div class="social-btn"><span><a href="http://facebook.com/mafut.harmony" title="Add Facebook">Facebook</a></span> <span><a href=" http://blogown.xyz/users/profile.php?act=friends&do=add&id=1" title="Ikuti Blog">Ikuti Blog</a></span> <span><a href="http://blogown.xyz/mail/index.php?act=write&id=1" title="Kirim Pesan">Pesan</a></span> <span><a href="https://plus.google.com/app/basic/111029313954866525777" title="Google+">Google+</a></span></div>
{navigation}
{navigation:entry}
<li>{navigation:entry:code}</li>
{/navigation:entry}
{/navigation}</ul></div>
{category}
<div id="category-bottom"> <h3>Categories</h3><ul>{category:entry}
<li><a href="{category:entry:link}">{category:entry:name}</a> ({category:entry:count})</li>
{/category:entry}
</ul></div>
{/category}

{following}
<div><div class="block"><div class="transbox"><b>Bloggrol</b></div></div></div>
{following:entry}
<div><div class="block"><div class="blue"><b> <a href="{following:entry:link}">{following:entry:title}</a></b></div></div></div>
{/following:entry}
{/following}
</div>
<!-- #wrapper end -->
<div id="footer">Hari Ini: {site:statistics:today} | Total {site:statistics:all}<br/><br> &#169; 2016 <a href='{site:url}'>{site:name}</a>. <h6 id="powered-by">Oleh <a href="http://bloglow.gq">BlogOwn.Xyz inc</a></h6> Design by <a href="http://mafut.blogown.xyz">Mafut Ragil</a> </body></html>{/footer}